Rank,Name,Win_Ratio,Wins,Total_Comparisons,Average_Opponent_Rank
1,Jesus,1.0,11.0,11.0,0.6650142415516747
2,Charlemagne,1.0,18.0,18.0,0.5459842668982654
3,Muhammad,0.9871794871794872,77.0,78.0,0.5869217415314701
4,Gautama Buddha,0.9411764705882353,16.0,17.0,0.6292773496049744
5,Mahatma Gandhi,0.9375,15.0,16.0,0.5757752609763034
6,Confucius,0.9375,15.0,16.0,0.7294711109968463
7,Aristotle,0.9166666666666666,11.0,12.0,0.5656359907569886
8,Gottfried Wilhelm Leibniz,0.9,9.0,10.0,0.5001523476523476
9,Isaac Newton,0.8666666666666667,13.0,15.0,0.7127615186670915
10,Constantine the Great,0.8571428571428571,12.0,14.0,0.617234645054194
11,Marie Curie,0.8571428571428571,12.0,14.0,0.6979042260997147
12,Leonhard Euler,0.8461538461538461,11.0,13.0,0.5899280206972515
13,Plato,0.8333333333333334,10.0,12.0,0.5927601737635245
14,Nelson Mandela,0.8333333333333334,10.0,12.0,0.6550716644466645
15,Johannes Gutenberg,0.8333333333333334,10.0,12.0,0.6479257670434141
16,Paul the Apostle,0.8333333333333334,10.0,12.0,0.6917123725947256
17,Franklin D. Roosevelt,0.8125,13.0,16.0,0.6231076827584181
18,Socrates,0.8,12.0,15.0,0.6479116413907925
19,"Mary, mother of Jesus",0.8,12.0,15.0,0.6162098791007949
20,Albert Einstein,0.8,12.0,15.0,0.6140346641662432
21,Moses,0.8,12.0,15.0,0.5919915217787225
22,Laozi,0.7857142857142857,11.0,14.0,0.6101754577429058
23,James Clerk Maxwell,0.7857142857142857,11.0,14.0,0.5982704611104654
24,Augustus,0.7727272727272727,17.0,22.0,0.6338234181148619
25,Ashoka,0.7692307692307693,10.0,13.0,0.6411050487973564
26,Karl Marx,0.7647058823529411,13.0,17.0,0.5384115310005836
27,Euclid,0.75,12.0,16.0,0.6581704753579753
28,William Shakespeare,0.7333333333333333,11.0,15.0,0.5451290481670228
29,Simone de Beauvoir,0.7272727272727273,8.0,11.0,0.6347398813307904
30,Solomon,0.7272727272727273,8.0,11.0,0.5055096418732782
31,Al-Ghazali,0.7272727272727273,8.0,11.0,0.5073002754820937
32,John the Baptist,0.7272727272727273,8.0,11.0,0.48697629566444295
33,John Locke,0.7272727272727273,8.0,11.0,0.62004662004662
34,Pythagoras,0.7272727272727273,8.0,11.0,0.5457008900190718
35,Mustafa Kemal Atatürk,0.7272727272727273,8.0,11.0,0.48021336162878164
36,Galen,0.7272727272727273,8.0,11.0,0.5588048315321044
37,Ramesses II,0.7272727272727273,8.0,11.0,0.553730226992259
38,Nikola Tesla,0.7272727272727273,8.0,11.0,0.7030435473617291
39,Michael Faraday,0.7272727272727273,8.0,11.0,0.5956301274483092
40,Francis of Assisi,0.7272727272727273,8.0,11.0,0.52916477461932
41,Fyodor Dostoevsky,0.7272727272727273,8.0,11.0,0.491066145208838
42,Edward Jenner,0.7272727272727273,8.0,11.0,0.6587022603065384
43,Baruch Spinoza,0.7272727272727273,8.0,11.0,0.5353888535706719
44,Alan Turing,0.7272727272727273,8.0,11.0,0.5982025105019757
45,Abraham,0.7272727272727273,8.0,11.0,0.5259040345921819
46,Maria Montessori,0.7272727272727273,8.0,11.0,0.587603305785124
47,Archimedes,0.7272727272727273,8.0,11.0,0.6173262487416687
48,Ibn Khaldun,0.7272727272727273,8.0,11.0,0.5704470663026813
49,Catherine the Great,0.7272727272727273,8.0,11.0,0.5707826932425862
50,Abu Bakr,0.7272727272727273,8.0,11.0,0.5438917143462598
51,Alexander Fleming,0.7272727272727273,8.0,11.0,0.5385463021826659
52,Eratosthenes,0.7272727272727273,8.0,11.0,0.5662534435261708
53,Uthman,0.7272727272727273,8.0,11.0,0.5097160415342233
54,Genghis Khan,0.7272727272727273,8.0,11.0,0.6217062794602902
55,Charles Darwin,0.7272727272727273,8.0,11.0,0.6481663472094095
56,Voltaire,0.7272727272727273,8.0,11.0,0.6122059758423394
57,Bertrand Russell,0.7272727272727273,8.0,11.0,0.5431977113795295
58,Nicolaus Copernicus,0.7142857142857143,10.0,14.0,0.5996573917253898
59,Louis Pasteur,0.7142857142857143,10.0,14.0,0.5474903186024344
60,Michelangelo,0.7142857142857143,10.0,14.0,0.6072030385580806
61,John the Apostle,0.7142857142857143,10.0,14.0,0.5390272008693061
62,Abraham Lincoln,0.7142857142857143,10.0,14.0,0.5007064364207221
63,Carl Friedrich Gauss,0.7142857142857143,10.0,14.0,0.6316427270208783
64,Muhammad ibn Musa al-Khwarizmi,0.7058823529411765,12.0,17.0,0.6569474354941484
65,Cicero,0.7,7.0,10.0,0.48455504411200606
66,Alfred the Great,0.7,7.0,10.0,0.5534132534132533
67,Hammurabi,0.7,7.0,10.0,0.5822115384615384
68,Queen Victoria,0.7,7.0,10.0,0.5459565434565434
69,Eleanor Roosevelt,0.7,7.0,10.0,0.5080386280386281
70,Alexander Graham Bell,0.7,7.0,10.0,0.4596003996003996
71,Thucydides,0.7,7.0,10.0,0.510985680985681
72,Malcolm X,0.7,7.0,10.0,0.5291546688605512
73,Wilhelm Röntgen,0.7,7.0,10.0,0.4977094474153298
74,Diocletian,0.7,7.0,10.0,0.5349691484985603
75,Seneca the Younger,0.7,7.0,10.0,0.5148484848484849
76,John Calvin,0.7,7.0,10.0,0.5518181818181818
77,George Washington,0.7,7.0,10.0,0.5817045454545455
78,Carl Linnaeus,0.7,7.0,10.0,0.46055277187443977
79,Saint Peter,0.7,7.0,10.0,0.5353379866596546
80,Vladimir Lenin,0.7,7.0,10.0,0.5172216422197807
81,Adolf Hitler,0.7,7.0,10.0,0.4620392265961886
82,Martin Luther,0.7,7.0,10.0,0.5578176725235549
83,Napoleon,0.7,7.0,10.0,0.5888624034193655
84,Avicenna,0.7,7.0,10.0,0.5343685639255259
85,Adam Smith,0.7,7.0,10.0,0.6665101565101565
86,Dante Alighieri,0.7,7.0,10.0,0.5005180027220236
87,Immanuel Kant,0.7,7.0,10.0,0.6922668997668998
88,Alexander the Great,0.7,7.0,10.0,0.6697874674345263
89,Ludwig van Beethoven,0.7,7.0,10.0,0.5165017825311943
90,Jean-Jacques Rousseau,0.7,7.0,10.0,0.5579333324902945
91,Johann Wolfgang von Goethe,0.7,7.0,10.0,0.4791904087473708
92,Herodotus,0.7,7.0,10.0,0.4710377280946901
93,Niels Bohr,0.6923076923076923,9.0,13.0,0.5376546530392684
94,Niccolò Machiavelli,0.6923076923076923,9.0,13.0,0.46528229774692914
95,Zoroaster,0.6923076923076923,9.0,13.0,0.6538530097353626
96,René Descartes,0.6923076923076923,9.0,13.0,0.6014451733328817
97,Florence Nightingale,0.6923076923076923,9.0,13.0,0.5429328024916258
98,David Hume,0.6923076923076923,9.0,13.0,0.5389552754937371
99,Isabella I of Castile,0.6923076923076923,9.0,13.0,0.5633616383616383
100,Thomas Aquinas,0.6923076923076923,9.0,13.0,0.5356182400851339
101,Thomas Edison,0.6666666666666666,8.0,12.0,0.573611111111111
102,Ferdinand Magellan,0.6666666666666666,8.0,12.0,0.49104334484081313
103,Galileo Galilei,0.6666666666666666,10.0,15.0,0.6598002103381851
104,Augustine of Hippo,0.6666666666666666,10.0,15.0,0.698096440252062
105,Leonardo da Vinci,0.6666666666666666,10.0,15.0,0.6665769352766256
106,Sophocles,0.6666666666666666,8.0,12.0,0.6157091349912558
107,Rumi,0.6470588235294118,11.0,17.0,0.6408796221079958
108,Thomas Jefferson,0.6470588235294118,11.0,17.0,0.5716900119138304
109,Hippocrates,0.6428571428571429,9.0,14.0,0.5498139704906622
110,Hatshepsut,0.6428571428571429,9.0,14.0,0.6008638420403126
111,Miguel de Cervantes,0.6363636363636364,7.0,11.0,0.5128522992159356
112,Nebuchadnezzar II,0.6363636363636364,7.0,11.0,0.5209154481881755
113,Louis XIV of France,0.6363636363636364,7.0,11.0,0.446498198770926
114,Montesquieu,0.6363636363636364,7.0,11.0,0.60138270820089
115,Averroes,0.6363636363636364,7.0,11.0,0.53974749333601
116,Rosa Luxemburg,0.6363636363636364,7.0,11.0,0.5138488962018374
117,Friedrich Engels,0.6363636363636364,7.0,11.0,0.5480973571882664
118,Charles Dickens,0.6363636363636364,7.0,11.0,0.5105954651409196
119,Thales of Miletus,0.6363636363636364,7.0,11.0,0.5372827929646111
120,Hernán Cortés,0.6363636363636364,7.0,11.0,0.5166614884318234
121,Marcus Aurelius,0.6363636363636364,7.0,11.0,0.5790633608815428
122,Neil Armstrong,0.6363636363636364,7.0,11.0,0.5751218478491206
123,Epicurus,0.6363636363636364,7.0,11.0,0.5430785123966942
124,Fidel Castro,0.6363636363636364,7.0,11.0,0.46174039863879435
125,Peter the Great,0.6363636363636364,7.0,11.0,0.534120425029516
126,Pope Gregory I,0.6363636363636364,7.0,11.0,0.5028577483122938
127,Homer,0.6363636363636364,7.0,11.0,0.5393809085953717
128,Pope Francis,0.6363636363636364,7.0,11.0,0.4751093747066129
129,Henry Dunant,0.6363636363636364,7.0,11.0,0.5459419368510278
130,Émile Durkheim,0.6363636363636364,7.0,11.0,0.5345730027548209
131,Antoine Lavoisier,0.6363636363636364,7.0,11.0,0.6128295946477764
132,Leo Tolstoy,0.6363636363636364,7.0,11.0,0.5432594064930083
133,Hokusai,0.6363636363636364,7.0,11.0,0.4207988980716253
134,Georg Wilhelm Friedrich Hegel,0.6363636363636364,7.0,11.0,0.520720188902007
135,Karl Benz,0.6363636363636364,7.0,11.0,0.4873490146217419
136,Cleopatra,0.6363636363636364,7.0,11.0,0.5182930705657979
137,Denis Diderot,0.6363636363636364,7.0,11.0,0.4904741191822532
138,Charles Martel,0.6363636363636364,7.0,11.0,0.43071625344352604
139,Carl Jung,0.6363636363636364,7.0,11.0,0.47054309327036603
140,Mimar Sinan,0.6363636363636364,7.0,11.0,0.5495867768595042
141,Dmitri Mendeleev,0.6363636363636364,7.0,11.0,0.5729876184421641
142,Qin Shi Huang,0.631578947368421,12.0,19.0,0.60306970336708
143,Benjamin Franklin,0.625,10.0,16.0,0.6271197552447553
144,Julius Caesar,0.625,10.0,16.0,0.6916504910530645
145,Suleiman the Magnificent,0.625,10.0,16.0,0.610476802501084
146,Alfred Nobel,0.6153846153846154,8.0,13.0,0.5229851596367434
147,Ernest Rutherford,0.6153846153846154,8.0,13.0,0.6281743897128512
148,Gregor Mendel,0.6153846153846154,8.0,13.0,0.5730388201542047
149,Matthew the Apostle,0.6,6.0,10.0,0.5362820512820514
150,Gian Lorenzo Bernini,0.6,6.0,10.0,0.5336363636363636
151,Sun Tzu,0.6,6.0,10.0,0.5916083916083916
152,Gabriel García Márquez,0.6,6.0,10.0,0.47785273549979435
153,Bob Marley,0.6,6.0,10.0,0.5039294039294039
154,Phidias,0.6,6.0,10.0,0.4701515151515151
155,Joan of Arc,0.6,6.0,10.0,0.5004240280692254
156,Vasco da Gama,0.6,6.0,10.0,0.39158301613997815
157,Maria Theresa,0.6,6.0,10.0,0.5204420579420579
158,Sigmund Freud,0.6,6.0,10.0,0.5056894978935188
159,Johannes Kepler,0.6,6.0,10.0,0.5000390785684904
160,Søren Kierkegaard,0.6,6.0,10.0,0.5401098901098901
161,Wolfgang Amadeus Mozart,0.6,6.0,10.0,0.5651611047180667
162,Theodosius I,0.6,6.0,10.0,0.640463458110517
163,Jan Hus,0.6,6.0,10.0,0.5574331550802138
164,Ignatius of Loyola,0.6,6.0,10.0,0.5465454888249006
165,Ignaz Semmelweis,0.6,6.0,10.0,0.49344720458311403
166,Charles de Gaulle,0.6,6.0,10.0,0.4906876456876457
167,Henry Ford,0.6,6.0,10.0,0.5578321678321678
168,Andrew the Apostle,0.6,6.0,10.0,0.4323601398601398
169,Johann Sebastian Bach,0.6,6.0,10.0,0.5359782042851664
170,Angela Merkel,0.6,6.0,10.0,0.5044282910072384
171,Clovis I,0.6,6.0,10.0,0.5013111888111889
172,Saladin,0.6,6.0,10.0,0.6000382950382951
173,Elizabeth II,0.6,6.0,10.0,0.5336459532029152
174,Steve Jobs,0.6,6.0,10.0,0.5562703962703963
175,"Charles V, Holy Roman Emperor",0.6,6.0,10.0,0.48303030303030303
176,Mao Zedong,0.6,6.0,10.0,0.58
177,Victor Hugo,0.6,6.0,10.0,0.5416783216783216
178,Stephen Hawking,0.6,6.0,10.0,0.49219573675269873
179,Sappho,0.6,6.0,10.0,0.48544117647058826
180,Blaise Pascal,0.6,6.0,10.0,0.5209214315096669
181,Petrarch,0.6,6.0,10.0,0.5437662337662338
182,James Watt,0.6,6.0,10.0,0.576936094434233
183,Muhammad Ali,0.6,6.0,10.0,0.5239111047180668
184,Max Planck,0.5882352941176471,10.0,17.0,0.6583432275246153
185,Darius the Great,0.5833333333333334,7.0,12.0,0.5384615384615384
186,Hypatia,0.5833333333333334,7.0,12.0,0.4474358974358974
187,Mikhail Gorbachev,0.5833333333333334,7.0,12.0,0.5486341144235882
188,Friedrich Nietzsche,0.5833333333333334,7.0,12.0,0.4646742890599928
189,Mehmed the Conqueror,0.5833333333333334,7.0,12.0,0.552579365079365
190,Ibn Battuta,0.5833333333333334,7.0,12.0,0.51797140767729
191,Justinian I,0.5789473684210527,11.0,19.0,0.6530740022022408
192,Hadrian,0.5714285714285714,8.0,14.0,0.5590742590742591
193,Winston Churchill,0.5714285714285714,8.0,14.0,0.6043560606060606
194,Elizabeth I of England,0.5714285714285714,8.0,14.0,0.6815920764698961
195,Trajan,0.5454545454545454,6.0,11.0,0.4873845405930968
196,Nefertiti,0.5454545454545454,6.0,11.0,0.562688381137579
197,Margaret Thatcher,0.5454545454545454,6.0,11.0,0.5282565918929554
198,Yuri Gagarin,0.5454545454545454,6.0,11.0,0.4694214876033058
199,Otto von Bismarck,0.5454545454545454,6.0,11.0,0.5308687668296413
200,John Maynard Keynes,0.5454545454545454,6.0,11.0,0.6453005995786744
201,Jane Austen,0.5454545454545454,6.0,11.0,0.5340084158265977
202,Steven Spielberg,0.5454545454545454,6.0,11.0,0.46985438803620627
203,Ovid,0.5454545454545454,6.0,11.0,0.42842763297308745
204,Walt Disney,0.5454545454545454,6.0,11.0,0.48626827717736815
205,Giuseppe Verdi,0.5454545454545454,6.0,11.0,0.4406332447759375
206,Xerxes I,0.5454545454545454,6.0,11.0,0.5127463445645264
207,Virgil,0.5454545454545454,6.0,11.0,0.5148760330578512
208,Bartholomew the Apostle,0.5454545454545454,6.0,11.0,0.4661157024793388
209,Yasser Arafat,0.5454545454545454,6.0,11.0,0.49153422335240526
210,Zheng He,0.5454545454545454,6.0,11.0,0.49454939000393555
211,Henry IV of France,0.5454545454545454,6.0,11.0,0.4523310023310023
212,Osman I,0.5454545454545454,6.0,11.0,0.5102034329307057
213,Alessandro Volta,0.5454545454545454,6.0,11.0,0.5434565434565435
214,Ptolemy,0.5454545454545454,6.0,11.0,0.5738715829624922
215,Napoleon III,0.5454545454545454,6.0,11.0,0.46114907819453277
216,Pericles,0.5454545454545454,6.0,11.0,0.5734304770189937
217,André-Marie Ampère,0.5454545454545454,6.0,11.0,0.5030514939605847
218,Francis Bacon,0.5384615384615384,7.0,13.0,0.4792934751065228
219,Pelé,0.5384615384615384,7.0,13.0,0.44392274392274395
220,Molière,0.5384615384615384,7.0,13.0,0.46502599964138425
221,Giuseppe Garibaldi,0.5384615384615384,7.0,13.0,0.4852820256666411
222,Umar,0.5384615384615384,7.0,13.0,0.46023641880250293
223,Mother Teresa,0.5333333333333333,8.0,15.0,0.5574091921150744
224,Joseph Stalin,0.5294117647058824,9.0,17.0,0.5483328464058727
225,Lorenzo de' Medici,0.5294117647058824,9.0,17.0,0.54179350061703
226,John Dalton,0.5,5.0,10.0,0.47628371628371635
227,Tycho Brahe,0.5,5.0,10.0,0.42706293706293713
228,Democritus,0.5,5.0,10.0,0.5756254272043746
229,Max Weber,0.5,5.0,10.0,0.47963286713286707
230,George Frideric Handel,0.5,5.0,10.0,0.46303030303030307
231,Albrecht Dürer,0.5,6.0,12.0,0.4402847152847153
232,Pope John Paul II,0.5,5.0,10.0,0.4349263394833015
233,Émile Zola,0.5,5.0,10.0,0.4998409433703552
234,Vincent van Gogh,0.5,6.0,12.0,0.5138968801943485
235,Frida Kahlo,0.5,5.0,10.0,0.4948797194366814
236,"Otto I, Holy Roman Emperor",0.5,5.0,10.0,0.4757954545454545
237,Marco Polo,0.5,5.0,10.0,0.47031261986958184
238,Bruce Lee,0.5,6.0,12.0,0.46136363636363636
239,Ivan the Terrible,0.5,5.0,10.0,0.45606060606060594
240,Che Guevara,0.5,5.0,10.0,0.4795666991236612
241,Ludwig Wittgenstein,0.5,5.0,10.0,0.5168631368631369
242,Bartolomeu Dias,0.5,5.0,10.0,0.41166666666666674
243,Michael Jackson,0.5,5.0,10.0,0.41779455838279367
244,Erasmus,0.5,5.0,10.0,0.5631235431235432
245,Plutarch,0.5,5.0,10.0,0.5166839043309632
246,Igor Stravinsky,0.5,6.0,12.0,0.5013708513708515
247,Pablo Picasso,0.5,5.0,10.0,0.4909307359307359
248,Henry VIII of England,0.5,5.0,10.0,0.5453030303030302
249,Freddie Mercury,0.5,6.0,12.0,0.502809832066798
250,Édouard Manet,0.5,6.0,12.0,0.5041375291375291
251,Catherine de' Medici,0.5,6.0,12.0,0.45
252,Euripides,0.5,5.0,10.0,0.5081818181818182
253,Amerigo Vespucci,0.5,5.0,10.0,0.49604278074866304
254,Murad IV,0.5,5.0,10.0,0.445990675990676
255,Vespasian,0.5,6.0,12.0,0.4793560606060605
256,Hieronymus Bosch,0.5,5.0,10.0,0.36272727272727273
257,Origen,0.5,5.0,10.0,0.4564285714285715
258,Cardinal Richelieu,0.5,5.0,10.0,0.5966200466200465
259,Joseph Haydn,0.5,6.0,12.0,0.47082328712075555
260,Michel de Montaigne,0.5,5.0,10.0,0.47837995337995337
261,Franz Liszt,0.5,5.0,10.0,0.43864801864801856
262,Saint Joseph,0.5,6.0,12.0,0.45681818181818185
263,Jean Piaget,0.5,5.0,10.0,0.5858508158508158
264,George Orwell,0.5,5.0,10.0,0.5630303030303031
265,James Prescott Joule,0.5,5.0,10.0,0.4311371961371961
266,Philip II of Macedon,0.5,5.0,10.0,0.4871095571095571
267,Le Corbusier,0.5,5.0,10.0,0.5188111888111888
268,Anne Frank,0.5,5.0,10.0,0.4840765117235706
269,Bill Gates,0.5,5.0,10.0,0.4325974025974026
270,Philip II of Spain,0.4666666666666667,7.0,15.0,0.5661305361305362
271,Francisco Goya,0.46153846153846156,6.0,13.0,0.45406132329209253
272,John Lennon,0.46153846153846156,6.0,13.0,0.46382847921309467
273,Friedrich Schiller,0.46153846153846156,6.0,13.0,0.4216872870719024
274,Paracelsus,0.45454545454545453,5.0,11.0,0.4994914176732358
275,Franz Kafka,0.45454545454545453,5.0,11.0,0.45421850876396325
276,Attila,0.45454545454545453,5.0,11.0,0.39470644430368246
277,Leonid Brezhnev,0.45454545454545453,5.0,11.0,0.45886840432294984
278,Hirohito,0.45454545454545453,5.0,11.0,0.4674734356552538
279,Roald Amundsen,0.45454545454545453,5.0,11.0,0.43163805891078616
280,Pope Pius XII,0.45454545454545453,5.0,11.0,0.38177277268186355
281,Rembrandt,0.45454545454545453,5.0,11.0,0.5225047679593134
282,Umberto Eco,0.45454545454545453,5.0,11.0,0.3987603305785124
283,J. R. R. Tolkien,0.45454545454545453,5.0,11.0,0.5007747075911971
284,Mary Magdalene,0.45454545454545453,5.0,11.0,0.5621106166560712
285,Selim I,0.45454545454545453,5.0,11.0,0.5310886083613355
286,Martin Heidegger,0.45454545454545453,5.0,11.0,0.4923076923076923
287,Antoni Gaudí,0.45454545454545453,5.0,11.0,0.4980685980685981
288,Jules Verne,0.45454545454545453,5.0,11.0,0.43858868404322954
289,Henry Kissinger,0.45454545454545453,5.0,11.0,0.45178190793164047
290,John F. Kennedy,0.45454545454545453,5.0,11.0,0.47581509399691213
291,Leon Trotsky,0.45454545454545453,5.0,11.0,0.5386310659037932
292,Josip Broz Tito,0.45454545454545453,5.0,11.0,0.5273998728544184
293,Alexander Pushkin,0.45454545454545453,5.0,11.0,0.5100550964187327
294,Agatha Christie,0.45454545454545453,5.0,11.0,0.48578088578088585
295,Henrik Ibsen,0.45454545454545453,5.0,11.0,0.43381277813095986
296,Jean-Paul Sartre,0.45454545454545453,5.0,11.0,0.4292011019283747
297,Akhenaten,0.45454545454545453,5.0,11.0,0.4949602981688543
298,Thomas Hobbes,0.45454545454545453,5.0,11.0,0.5421487603305785
299,Kösem Sultan,0.45454545454545453,5.0,11.0,0.5475736384827293
300,Pontius Pilate,0.45454545454545453,5.0,11.0,0.44119516846789575
301,Hurrem Sultan,0.45454545454545453,5.0,11.0,0.4279811097992916
302,Aristophanes,0.42857142857142855,6.0,14.0,0.4432496075353218
303,Timur,0.42857142857142855,6.0,14.0,0.3857142857142857
304,Diogenes,0.4166666666666667,5.0,12.0,0.5204901178972386
305,Claude Monet,0.4166666666666667,5.0,12.0,0.5291430791430791
306,Albert Camus,0.4166666666666667,5.0,12.0,0.5581973581973582
307,Isaac,0.4166666666666667,5.0,12.0,0.5403069153069152
308,"Frederick I, Holy Roman Emperor",0.4166666666666667,5.0,12.0,0.5154040404040403
309,Giacomo Puccini,0.4166666666666667,5.0,12.0,0.482908411033411
310,Salvador Dalí,0.4,4.0,10.0,0.4426244343891403
311,Aesop,0.4,4.0,10.0,0.4567365967365967
312,Tiberius,0.4,4.0,10.0,0.5214452214452214
313,Elvis Presley,0.4,4.0,10.0,0.49691475191475193
314,Mark Twain,0.4,4.0,10.0,0.5345054945054944
315,Wassily Kandinsky,0.4,4.0,10.0,0.44795454545454544
316,14th Dalai Lama,0.4,4.0,10.0,0.5378021978021977
317,Jimmy Carter,0.4,4.0,10.0,0.42273686229382434
318,Nicholas II of Russia,0.4,4.0,10.0,0.43995063759769637
319,"Mary, Queen of Scots",0.4,4.0,10.0,0.5120779220779221
320,Hannibal,0.4,4.0,10.0,0.38407718863415063
321,Claude Debussy,0.4,4.0,10.0,0.5152214452214452
322,Louis XIII of France,0.4,4.0,10.0,0.36334928229665076
323,Eugène Delacroix,0.4,4.0,10.0,0.4284848484848484
324,Oskar Schindler,0.4,4.0,10.0,0.5404212454212455
325,Antoine de Saint-Exupéry,0.4,4.0,10.0,0.3742657342657343
326,Vladimir Putin,0.4,4.0,10.0,0.4590792540792541
327,Charlie Chaplin,0.4,4.0,10.0,0.4440113720977458
328,Martin Van Buren,0.4,4.0,10.0,0.36551711446448293
329,Heraclitus,0.4,4.0,10.0,0.4958607568901686
330,Hans Christian Andersen,0.4,4.0,10.0,0.3866762562332182
331,Giovanni Boccaccio,0.4,4.0,10.0,0.487972027972028
332,Robert Schumann,0.4,4.0,10.0,0.35776223776223776
333,Saint Nicholas,0.4,4.0,10.0,0.5071645021645022
334,Raphael,0.4,4.0,10.0,0.5131368544585223
335,Harald Fairhair,0.4,4.0,10.0,0.37269563769563774
336,James K. Polk,0.4,4.0,10.0,0.391060606060606
337,Hayao Miyazaki,0.4,4.0,10.0,0.46909090909090906
338,Robert Hooke,0.4,4.0,10.0,0.4672727272727273
339,Ulysses S. Grant,0.4,4.0,10.0,0.5358967348441034
340,Alexandre Dumas,0.4,4.0,10.0,0.48364801864801865
341,Nikita Khrushchev,0.4,4.0,10.0,0.43085972850678733
342,Marcel Proust,0.4,4.0,10.0,0.48650349650349645
343,Richard Wagner,0.4,4.0,10.0,0.5381672249319308
344,Andy Warhol,0.4,4.0,10.0,0.4541870629370629
345,Gustav Klimt,0.4,4.0,10.0,0.39064102564102565
346,Donatello,0.4,4.0,10.0,0.5045454545454545
347,Spartacus,0.4,4.0,10.0,0.42244548700244905
348,Paul Cézanne,0.4,4.0,10.0,0.5069055454349571
349,Henry V of England,0.4,4.0,10.0,0.4370629370629371
350,Edvard Munch,0.4,4.0,10.0,0.43944467297408474
351,Frédéric Chopin,0.4,4.0,10.0,0.42026805658972455
352,Giordano Bruno,0.4,4.0,10.0,0.42000000000000004
353,"Joseph II, Holy Roman Emperor",0.4,4.0,10.0,0.5201298701298701
354,Christopher Columbus,0.4,4.0,10.0,0.4375853471423092
355,Ronald Reagan,0.38461538461538464,5.0,13.0,0.47412587412587415
356,Diego Velázquez,0.38461538461538464,5.0,13.0,0.5090870667793744
357,Auguste Comte,0.38461538461538464,5.0,13.0,0.5179948256871334
358,Arthur Schopenhauer,0.36363636363636365,4.0,11.0,0.46123876123876123
359,Bertolt Brecht,0.36363636363636365,4.0,11.0,0.47060212514757965
360,Honoré de Balzac,0.36363636363636365,4.0,11.0,0.47618744891472153
361,Maxim Gorky,0.36363636363636365,4.0,11.0,0.34926891290527656
362,Selim II,0.36363636363636365,4.0,11.0,0.36585081585081586
363,Ivan Pavlov,0.36363636363636365,4.0,11.0,0.48904785054517674
364,Oscar Wilde,0.36363636363636365,4.0,11.0,0.45701684678957405
365,Kim Il-sung,0.36363636363636365,4.0,11.0,0.38986013986013984
366,Franz Schubert,0.36363636363636365,4.0,11.0,0.46528925619834705
367,Herod the Great,0.36363636363636365,4.0,11.0,0.4662216571307481
368,Titian,0.36363636363636365,4.0,11.0,0.495242078495667
369,Anthony of Padua,0.36363636363636365,4.0,11.0,0.4296143250688705
370,Pyotr Ilyich Tchaikovsky,0.36363636363636365,4.0,11.0,0.5193579148124603
371,Edgar Allan Poe,0.36363636363636365,4.0,11.0,0.441595918465884
372,William Wallace,0.36363636363636365,4.0,11.0,0.38099173553719007
373,Nostradamus,0.36363636363636365,4.0,11.0,0.4227303000030273
374,Henri Matisse,0.36363636363636365,4.0,11.0,0.4447764356855266
375,Thomas Mann,0.36363636363636365,4.0,11.0,0.4435950413223141
376,Parmenides,0.36363636363636365,4.0,11.0,0.4850445009535919
377,Piet Mondrian,0.36363636363636365,4.0,11.0,0.4731348865038703
378,Paul Gauguin,0.36363636363636365,4.0,11.0,0.3902340084158266
379,Philip IV of France,0.36363636363636365,4.0,11.0,0.4749735113371477
380,Caravaggio,0.36363636363636365,4.0,11.0,0.4558762761302868
381,Mark Antony,0.36363636363636365,4.0,11.0,0.432856537401992
382,Omar Khayyam,0.36363636363636365,4.0,11.0,0.5484061393152303
383,Richard I of England,0.36363636363636365,4.0,11.0,0.40362364907819454
384,Coco Chanel,0.36363636363636365,4.0,11.0,0.503889248006895
385,Boris Yeltsin,0.3125,5.0,16.0,0.3745501992733005
386,David,0.3076923076923077,4.0,13.0,0.4514254975793437
387,Pope Benedict XVI,0.3076923076923077,4.0,13.0,0.4375656018189955
388,Mary II of England,0.3076923076923077,4.0,13.0,0.40609390609390605
389,Stanley Kubrick,0.3076923076923077,4.0,13.0,0.49591178052716517
390,Audrey Hepburn,0.3076923076923077,4.0,13.0,0.470692128384436
391,Antonín Dvořák,0.3076923076923077,4.0,13.0,0.4901412313177019
392,Gioachino Rossini,0.3076923076923077,4.0,13.0,0.43601398601398605
393,Marcus Licinius Crassus,0.3,3.0,10.0,0.43656177156177156
394,Georges Bizet,0.3,3.0,10.0,0.4096403596403596
395,Amitabh Bachchan,0.3,3.0,10.0,0.42742424242424243
396,Robert De Niro,0.3,3.0,10.0,0.30648601398601394
397,Felix Mendelssohn,0.3,3.0,10.0,0.3916883116883116
398,Gustave Flaubert,0.3,3.0,10.0,0.46493506493506487
399,Edgar Degas,0.3,3.0,10.0,0.40666666666666673
400,Pierre de Coubertin,0.3,3.0,10.0,0.5750815850815851
401,Luciano Pavarotti,0.3,3.0,10.0,0.3628554778554779
402,Nikolai Gogol,0.3,3.0,10.0,0.32804195804195807
403,Chiang Kai-shek,0.3,3.0,10.0,0.5250815850815852
404,Pepin the Short,0.3,3.0,10.0,0.6274334733893557
405,Auguste Rodin,0.3,3.0,10.0,0.4538379267791032
406,Pocahontas,0.3,3.0,10.0,0.45413419913419917
407,James Cook,0.3,3.0,10.0,0.3971328671328671
408,Charles Lindbergh,0.3,3.0,10.0,0.40764860139860143
409,Louis XV of France,0.3,3.0,10.0,0.4433566433566433
410,"Prince Philip, Duke of Edinburgh",0.3,3.0,10.0,0.3408991008991009
411,Arthur Conan Doyle,0.3,3.0,10.0,0.3661038961038961
412,Mary I of England,0.3,3.0,10.0,0.38965034965034967
413,Hermann Hesse,0.3,3.0,10.0,0.41818181818181815
414,Horace,0.3,3.0,10.0,0.4267832167832168
415,Alfred Hitchcock,0.3,3.0,10.0,0.4837162837162837
416,Francisco Franco,0.3,3.0,10.0,0.4418065268065268
417,Johannes Brahms,0.3,3.0,10.0,0.4828088578088578
418,Gustav Mahler,0.3,3.0,10.0,0.47079254079254074
419,"James, son of Zebedee",0.3,3.0,10.0,0.5029370629370631
420,F. Scott Fitzgerald,0.3,3.0,10.0,0.38633741258741255
421,Pieter Bruegel the Elder,0.3,3.0,10.0,0.4625757575757576
422,Hillary Clinton,0.3,3.0,10.0,0.44122835497835505
423,Saddam Hussein,0.3,3.0,10.0,0.3579437229437229
424,Marilyn Monroe,0.3,3.0,10.0,0.3212100557670178
425,Peter Paul Rubens,0.3,3.0,10.0,0.4791415102774197
426,Claudius,0.3,3.0,10.0,0.4929953379953381
427,Antonio Vivaldi,0.3,3.0,10.0,0.4468743914313535
428,Tutankhamun,0.3,3.0,10.0,0.4022727272727272
429,Commodus,0.3,3.0,10.0,0.4108204453774074
430,Stendhal,0.3,3.0,10.0,0.4054924242424242
431,Judas Iscariot,0.3,3.0,10.0,0.411969696969697
432,Elijah,0.3,3.0,10.0,0.5145454545454545
433,Marie Antoinette,0.2727272727272727,3.0,11.0,0.3698347107438016
434,Louis XVI of France,0.2727272727272727,3.0,11.0,0.4574414222141495
435,Nero,0.2727272727272727,3.0,11.0,0.38316380589107857
436,Ernest Hemingway,0.2727272727272727,3.0,11.0,0.5028433242336985
437,Sandro Botticelli,0.2727272727272727,3.0,11.0,0.4040194208643406
438,Anne Boleyn,0.2727272727272727,3.0,11.0,0.46447189174461906
439,Benito Mussolini,0.2727272727272727,3.0,11.0,0.397794265573322
440,Édith Piaf,0.2727272727272727,3.0,11.0,0.3723730814639905
441,Saul,0.2727272727272727,3.0,11.0,0.34131171858444587
442,Franz Joseph I of Austria,0.2727272727272727,3.0,11.0,0.47107438016528924
443,Anton Chekhov,0.2727272727272727,3.0,11.0,0.4314049586776859
444,Richard III of England,0.2727272727272727,3.0,11.0,0.26217418944691673
445,Daniel Defoe,0.2727272727272727,3.0,11.0,0.3934071276317265
446,"Wilhelm II, German Emperor",0.2727272727272727,3.0,11.0,0.431267217630854
447,Niccolò Paganini,0.2727272727272727,3.0,11.0,0.3886204704386522
448,El Greco,0.2727272727272727,3.0,11.0,0.3504132231404959
449,Jan van Eyck,0.2727272727272727,3.0,11.0,0.46412110616656066
450,Kim Jong-il,0.2727272727272727,3.0,11.0,0.3611464293282476
451,Johannes Vermeer,0.25,3.0,12.0,0.4249222999222999
452,Ennio Morricone,0.25,3.0,12.0,0.3911421911421911
453,Edvard Grieg,0.23076923076923078,3.0,13.0,0.40807109557109555
454,Marlon Brando,0.23076923076923078,3.0,13.0,0.31180742334588485
455,Jonah,0.23076923076923078,3.0,13.0,0.32867132867132864
456,Clint Eastwood,0.23076923076923078,3.0,13.0,0.38706133609979754
457,Baba Vanga,0.2,2.0,10.0,0.3721678321678321
458,Saint George,0.2,2.0,10.0,0.45735431235431234
459,Murad III,0.2,3.0,15.0,0.4469974469974469
460,Ahmed I,0.2,2.0,10.0,0.4778138528138528
461,Karl Dönitz,0.2,2.0,10.0,0.29909090909090913
462,Al Pacino,0.2,3.0,15.0,0.43548562548562547
463,Ali,0.2,2.0,10.0,0.5266783216783217
464,Caligula,0.2,2.0,10.0,0.37870129870129865
465,Joshua,0.18181818181818182,2.0,11.0,0.4629582538673448
466,Vlad the Impaler,0.18181818181818182,2.0,11.0,0.39446916719643993
467,Erwin Rommel,0.18181818181818182,2.0,11.0,0.3195486331849968
468,Heinrich Himmler,0.18181818181818182,2.0,11.0,0.3542487815215088
469,Cher,0.18181818181818182,2.0,11.0,0.3941671964399237
470,Alain Delon,0.18181818181818182,2.0,11.0,0.3273310023310023
471,Queen Elizabeth The Queen Mother,0.18181818181818182,2.0,11.0,0.38264462809917354
472,Nicolae Ceaușescu,0.18181818181818182,2.0,11.0,0.4375503284594193
473,Martin Scorsese,0.18181818181818182,2.0,11.0,0.4608028335301062
474,Stefan Zweig,0.18181818181818182,2.0,11.0,0.34411951684678954
475,Muammar Gaddafi,0.18181818181818182,2.0,11.0,0.41302636757182215
476,Pierre-Auguste Renoir,0.18181818181818182,2.0,11.0,0.4315956770502225
477,Adolf Eichmann,0.18181818181818182,2.0,11.0,0.37827626918536006
478,Donald Trump,0.18181818181818182,2.0,11.0,0.5186207731662278
479,Pope John Paul I,0.18181818181818182,2.0,11.0,0.353475935828877
480,Charles Baudelaire,0.14285714285714285,2.0,14.0,0.5101505637219923
481,Carles Puigdemont,0.1,1.0,10.0,0.36363636363636365
482,Janis Joplin,0.1,1.0,10.0,0.31655594405594406
483,Jack the Ripper,0.1,1.0,10.0,0.3697902097902098
484,Rajneesh,0.1,1.0,10.0,0.3690909090909091
485,Pablo Escobar,0.1,1.0,10.0,0.4264989177489177
486,John Wilkes Booth,0.1,1.0,10.0,0.33580419580419585
487,Giacomo Casanova,0.1,1.0,10.0,0.3431468531468531
488,Grigori Rasputin,0.1,1.0,10.0,0.330979020979021
489,Howard Hughes,0.1,1.0,10.0,0.42192307692307696
490,Anthony Hopkins,0.09090909090909091,1.0,11.0,0.3474253019707565
491,Huang Xianfan,0.09090909090909091,1.0,11.0,0.3288802106983925
492,Wallis Simpson,0.09090909090909091,1.0,11.0,0.307556080283353
493,Ragnar Lodbrok,0.09090909090909091,1.0,11.0,0.4306965761511216
494,Jacob,0.08333333333333333,1.0,12.0,0.39271561771561775
495,Ivar the Boneless,0.08333333333333333,1.0,12.0,0.46421911421911427
496,Empress Elisabeth of Austria,0.07692307692307693,1.0,13.0,0.3344895610718395
497,Sylvester Stallone,0.07692307692307693,1.0,13.0,0.3072811803581034
498,Lord Byron,0.0379746835443038,3.0,79.0,0.5970275753038226
499,Aaron,0.0,0.0,11.0,0.3862047043865226
500,Charles Manson,0.0,0.0,10.0,0.3442074592074592
